/*
SQLyog Enterprise - MySQL GUI v8.05 
MySQL - 5.7.20-0ubuntu0.16.04.1 : Database - etic
*********************************************************************
*/

/*!40101 SET NAMES utf8 */;

/*!40101 SET SQL_MODE=''*/;

/*!40014 SET @OLD_FOREIGN_KEY_CHECKS=@@FOREIGN_KEY_CHECKS, FOREIGN_KEY_CHECKS=0 */;
/*!40101 SET @OLD_SQL_MODE=@@SQL_MODE, SQL_MODE='NO_AUTO_VALUE_ON_ZERO' */;

CREATE DATABASE /*!32312 IF NOT EXISTS*/`etic` /*!40100 DEFAULT CHARACTER SET utf8 */;

USE `etic`;

/*Table structure for table `Docente` */

DROP TABLE IF EXISTS `Docente`;

CREATE TABLE `Docente` (
  `idDocente` int(10) unsigned NOT NULL AUTO_INCREMENT,
  `nombre` varchar(50) DEFAULT NULL,
  `apellido` varchar(50) DEFAULT NULL,
  `categoria` int(11) DEFAULT NULL,
  `telefono` varchar(50) DEFAULT NULL,
  `email` varchar(50) DEFAULT NULL,
  `descripcion` blob,
  PRIMARY KEY (`idDocente`)
) ENGINE=InnoDB AUTO_INCREMENT=67 DEFAULT CHARSET=utf8 ROW_FORMAT=COMPRESSED;

/*Data for the table `Docente` */

insert  into `Docente`(`idDocente`,`nombre`,`apellido`,`categoria`,`telefono`,`email`,`descripcion`) values (2,'Eliana ','Albrieu',4,NULL,'elianaalbrieu@gmail.com','<DIV style=\'text-align: left\'><UL><LI>LICENCIADA EN PSICOLOGIA ORGANIZACIONAL -  Estado Completo</LI><LI>PLANIFICACIÓN Y GESTIÓN DE LA COMUNICACIÓN EN ORGANIZACIONES -  Estado Incompleto</LI></UL><LABEL><B>Experticia:</B></LABEL><BR />Psicologa organizacional, con experiencia en docencia en varios campos académicos. Especialización en administración de organizaciones y marketing. Conocimientos en coaching empresarial y desarrollo emprendedor.  Profesora de ingles.<BR /><LABEL><B>Área de actuación:</B></LABEL><BR />CIENCIAS SOCIALES - PSICOLOGÍA, CIENCIAS SOCIALES - COMUNICACIÓN Y MEDIOS, CIENCIAS SOCIALES - ECONOMÍA Y NEGOCIOS, CIENCIAS SOCIALES - CIENCIAS DE LA EDUCACIÓN</DIV>'),(3,'Jonatan ','Alvarez',5,NULL,'jonatanemanuel.alvarez@gmail.com','<DIV style=\'text-align: left\'><UL><LI>INGENIERO EN SISTEMAS -  Estado Completo</LI></UL><LABEL><B>Experticia:</B></LABEL><BR />Soy ingeniero en sistemas, trabajo como administrador de base de datos en kunan s.a. Con los motores oracle,mysql,postgres y vertica<BR /><LABEL><B>Área de actuación:</B></LABEL><BR />CIENCIAS NATURALES Y EXACTAS - CIENCIAS DE LA COMPUTACIÓN E INFORMACIÓN</DIV>'),(4,'Fernando Alejandro ','Anzalaz',5,NULL,'faanzalaz@yahoo.com','<DIV style=\'text-align: left\'><UL><LI>INGENIERO ELECTRICISTA ELECTRÓNICO -  Estado Completo</LI></UL><LABEL><B>Experticia:</B></LABEL><BR />Profesor en la enseñanza de geometría euclidiana y analítica en el instituto superior de formación docente en el área de matemática, realizando las correspondientes capacitaciones para la formación de profesores de matemática del nivel secundario. Participando en creación de la actual currícula de este profesorado<BR /><LABEL><B>Área de actuación:</B></LABEL><BR />INGENIERÍAS Y TECNOLOGÍAS - INGENIERÍA ELÉCTRICA, INGENIERÍA ELECTRÓNICA E INGENIERÍA DE LA INFORMACIÓN</DIV>'),(5,'Germinal ','Arana',3,NULL,'garana@hotmail.com','<DIV style=\'text-align: left\'><UL><LI>INGENIERO AGRÓNOMO -  Estado Completo</LI></UL><LABEL><B>Experticia:</B></LABEL><BR />Plagas y enfermedades del nogal<BR /><LABEL><B>Área de actuación:</B></LABEL><BR />CIENCIAS AGRÍCOLAS - AGRICULTURA, SILVICULTURA Y PESCA</DIV>'),(6,'Claudio Patricio ','Barrionuevo',4,NULL,'claudiopbarrionuevo@gmail.com','<DIV style=\'text-align: left\'><UL><LI>LICENCIATURA EN ANALISIS DE SISTEMAS -  Estado Completo</LI></UL><LABEL><B>Experticia:</B></LABEL><BR />Soy licenciado en analisis de sistemassystems<BR /><LABEL><B>Área de actuación:</B></LABEL><BR />INGENIERÍAS Y TECNOLOGÍAS - INGENIERÍA ELÉCTRICA, INGENIERÍA ELECTRÓNICA E INGENIERÍA DE LA INFORMACIÓN</DIV>'),(7,'Ruy Enio ','Barros Olivera',3,'rbarros@undec.edu.ar','ruy1958@yahoo.com.ar','<DIV style=\'text-align: left\'><UL><LI>INGENIERO MECÁNICO AERONAÚTICO -  Estado Completo</LI><LI>ESPECIALISTA EN INGENIERÍA DE CALIDAD -  Estado Completo</LI></UL><LABEL><B>Experticia:</B></LABEL><BR />Experiencia adquirida en la especialización cursada, control de calidad en soldaduras, control de calidad en mecanismos y elementos de máquinas,  aseguramiento de calidad en ensayos dinámicos y estáticos<BR /><LABEL><B>Área de actuación:</B></LABEL><BR />INGENIERÍAS Y TECNOLOGÍAS - INGENIERÍA MECÁNICA</DIV>'),(8,'Florencia ','Bustos',NULL,NULL,'mariaflorenciabustos@gmail.com','<DIV style=\'text-align: left\'><UL></UL><LABEL><B>Experticia:</B></LABEL><BR /><BR /><LABEL><B>Área de actuación:</B></LABEL><BR /></DIV>'),(9,'Pablo Fernando ','Cargnelutti',NULL,NULL,'pablo.fernando.cargnelutti@gmail.com',NULL),(10,'Fernanda Beatriz','Carmona',1,NULL,'fbcarmona69@gmail.com','<DIV style=\'text-align: left\'>\r\n<UL>\r\n  <LI>INGENIERO EN SISTEMAS DE INFORMACIÓN -  Estado Completo</LI>\r\n  <LI>PROFESORA EN DISCIPLINAS INDUSTRIALES - Estado Completo </LI>\r\n  <LI>PROFESORA EN EDUCACION SUPERIOR - Estado Completo </LI>\r\n  <LI>ESPECIALISTA EN ENTORNOS VIRTUALES DE APRENDIZAJE -  Estado Completo</LI>\r\n  <LI>MAGISTER EN INFORMATICA -  Estado Incompleto</LI></UL><LABEL><B>Experticia:</B></LABEL><BR />Ingeniería de software. Analista funcional. Robótica educativa.objetos de aprendizaje. Agromática<BR /><LABEL><B>Área de actuación:</B></LABEL><BR />CIENCIAS NATURALES Y EXACTAS - CIENCIAS DE LA COMPUTACIÓN E INFORMACIÓN</DIV>'),(11,'Verónica ','Carneiro',NULL,NULL,'veronica_pini@hotmail.com',NULL),(12,'Miguel Alejandro ','Castañeda',4,NULL,'m78castaneda@gmail.com','<DIV style=\'text-align: left\'><UL><LI>LICENCIADO EN FILOSOFÍA -  Estado Completo</LI><LI>DOCTOR EN FILOSOFÍA -  Estado Completo</LI></UL><LABEL><B>Experticia:</B></LABEL><BR />A través de la realización de la tesis de grado y la tesis de doctorado, mi formación académica se ha concentrado en el estudio interpretativo de textos filosóficos antiguos. Más precisamente, he comenzado con una indagación sobre la importancia metodológica de la dialéctica aristotélica, cuyos resultados he profundizado en la tesis doctoral. Con todos estos trabajos he adquirido una perspectiva de análisis histórico-filosófica, en la que, además, he incorporado la discusión con planteamientos epistemológicos contemporáneos, aumentando, de esta manera, el campo de aplicación de los conocimientos adquiridos. También como parte de la preparación académica he trabajado, regularmente, en la elaboración de ponencias a presentar en distintas reuniones académicas. A este este contacto con otros estudiosos aristotélicos también se han sumado mis participaciones en distintos proyectos colectivos de investigación.  <BR /><LABEL><B>Área de actuación:</B></LABEL><BR />HUMANIDADES - FILOSOFÍA, ÉTICA Y RELIGIÓN</DIV>'),(13,'Silvana Elizabeth ','Castro',4,NULL,'ecastro@undec.edu.ar','<DIV style=\'text-align: left\'><UL><LI>LICENCIADO EN ANÁLISIS DE SISTEMAS -  Estado Completo</LI><LI>ESPECIALISTA EN ENTORNOS VIRTUALES DE APRENDIZAJE -  Estado Completo</LI></UL><LABEL><B>Experticia:</B></LABEL><BR />Licenciado en análisis de sistemas. Master microsoft office 2007 specialist. Técnico profesional. Capacitación a docentes de nivel secundario. Docente investigador (undec). Especialización en entornos virtuales de aprendizaje. Asistente de programas del área tecnologías de la información y la comunicación en la educación (tice) en undec.<BR /><LABEL><B>Área de actuación:</B></LABEL><BR />CIENCIAS NATURALES Y EXACTAS - CIENCIAS DE LA COMPUTACIÓN E INFORMACIÓN, CIENCIAS NATURALES Y EXACTAS - MATEMÁTICAS</DIV>'),(14,'Diego ','Cena',NULL,NULL,'diegocena2@gmail.com',NULL),(15,'Pablo ','Chade',1,NULL,'pablochade@hotmail.com','<DIV style=\'text-align: left\'><UL><LI>LICENCIADO EN COMUNICACIÓN SOCIAL -  Estado Completo, INGENIERO CIVIL -  Estado Completo</LI><LI>ESPECIALISTA EN DOCECIA UNIVERSITARIA -  Estado Completo</LI><LI>MAGISTER EN ENSEÑANZA DE LAS CIENCIAS - ÁREA FÍSICA -  Estado Completo</LI></UL><LABEL><B>Experticia:</B></LABEL><BR />Ingeniero civil. Magister en enseñanza de la ciancia área física. <BR /><LABEL><B>Área de actuación:</B></LABEL><BR />CIENCIAS NATURALES Y EXACTAS - CIENCIAS FÍSICAS</DIV>'),(16,'Alejandro ','Cruz',5,NULL,'alejandrocruz1987@gmail.com','<DIV style=\'text-align: left\'><UL><LI>INGENIERO EN SISTEMAS -  Estado Completo</LI><LI>DOCTOR EN MATEMATICA COMPUTACIONAL E INDUSTRIAL -  Estado Incompleto</LI></UL><LABEL><B>Experticia:</B></LABEL><BR />Soy ingeniero en sistemas, he participado en el desarrollo de tecnologías de la información y de las comunicaciones aplicadas a problemas de agricultura regional y en el desarrollo de un robot destinado a incentivar vocaciones en informática en los alumnos del nivel secundario.  Asi tambien formé parte del equipo que desarrolló un sistema para la gestion de asignaciones/designaciones del personal docente de la universidad nacional de chilecito (poseidón) y de un sistema para la gestión de proyectos de investigación para el area de vinculación tecnólogica de la universidad nacional de chilecito.  Tengo experiencia en las plataformas de desarrollo .NET Y java.<BR /><LABEL><B>Área de actuación:</B></LABEL><BR />CIENCIAS NATURALES Y EXACTAS - CIENCIAS DE LA COMPUTACIÓN E INFORMACIÓN</DIV>'),(17,'Alejandro Gastón ','Dantiacq Piccolella',3,NULL,'alejandro.dantiacq@gmail.com','<DIV style=\'text-align: left\'><UL><LI>TÉCNICO UNIVERSITARIO EN ELECTRÓNICA -  Estado Completo</LI><LI>ESPECIALISTA EN REDES DE DATOS -  Estado Incompleto</LI></UL><LABEL><B>Experticia:</B></LABEL><BR />Como ingeniero de proyecto en refineria lujan de cuyo de ypf s.a- (2006-2014),  administrador tic - para red de datos y comunicaciones region cuyo ypf s.a (2014-cont.)  Como docente:instructor academia cisco-(2008-cont.)PROFESOR Jtp arquitectura de las computadoras-frm-utn (2014-cont), prof. Adj cátedras comunicaciones inalámbricas y redes de datos ii-undec-(2014-cont.)INVESTIGADOR Clase \'d\' frm-utn<BR /><LABEL><B>Área de actuación:</B></LABEL><BR />INGENIERÍAS Y TECNOLOGÍAS - INGENIERÍA ELÉCTRICA, INGENIERÍA ELECTRÓNICA E INGENIERÍA DE LA INFORMACIÓN, INGENIERÍAS Y TECNOLOGÍAS - INGENIERÍA ELÉCTRICA, INGENIERÍA ELECTRÓNICA E INGENIERÍA DE LA INFORMACIÓN</DIV>'),(18,'Juan José ','Dávila',5,'jjdavila@undec.edu.ar','juan-jose-davila@hotmail.com','<DIV style=\'text-align: left\'><UL><LI>INGENIERO EN SISTEMAS -  Estado Completo</LI></UL><LABEL><B>Experticia:</B></LABEL><BR />Análisis, diseño de sistemas de información comunicaciones inalámbricas y redes de datos <BR /><LABEL><B>Área de actuación:</B></LABEL><BR />CIENCIAS NATURALES Y EXACTAS - CIENCIAS DE LA COMPUTACIÓN E INFORMACIÓN</DIV>'),(19,'Hugo ','Fajardo',3,NULL,'hugofajardo1@gmail.com ','<DIV style=\'text-align: left\'><UL><LI>LICENCIADO EN ANÁLISIS DE SISTEMAS -  Estado Completo</LI><LI>MAGISTER EN INGENIERÍA DE SOFTWARE -  Estado Incompleto</LI></UL><LABEL><B>Experticia:</B></LABEL><BR />Profesional y docente dedicado a la ingeniería de software y el desarrollo e implementación de sistemas de información.desempeño estas actividades en el orden académico público y también en el ámbito privado.<BR /><LABEL><B>Área de actuación:</B></LABEL><BR />INGENIERÍAS Y TECNOLOGÍAS - INGENIERÍA ELÉCTRICA, INGENIERÍA ELECTRÓNICA E INGENIERÍA DE LA INFORMACIÓN, CIENCIAS NATURALES Y EXACTAS - CIENCIAS DE LA COMPUTACIÓN E INFORMACIÓN</DIV>'),(20,'Fernando Emmanuel','Frati',3,'fefrati@undec.edu.ar\r\n','emmanuelfrati@gmail.com','<DIV style=\'text-align: left\'><UL><LI>LICENCIADO EN ANÁLISIS DE SISTEMAS -  Estado Completo</LI><LI>ESPECIALISTA EN CÓMPUTO DE ALTAS PRESTACIONES Y TECNOLOGÍA GRID -  Estado Completo</LI><LI>DOCTOR EN CIENCIAS INFORMÁTICAS -  Estado Completo</LI></UL><LABEL><B>Experticia:</B></LABEL><BR />Orienté la experticia de mi carrera profesional hacia el área de cómputo de altas prestaciones y tecnología grid. Domino técnicas de desarrollo de programas a bajo nivel utilizando lenguajes de programación como c y fortran, librerías de cómputo paralelo (pthreads, mpi, openmp, cuda, etc.). Estos lenguajes son los más utilizados para resolver problemas con grandes necesidades de cómputo (simulaciones, tratamiento de grandes volúmenes de datos, etc). Me especialicé en instrumentación dinámica de programas, análisis de overheads y propuestas de optimización, utilizando recursos como los contadores hardware, depuradores o máquinas virtuales.<BR /><LABEL><B>Área de actuación:</B></LABEL><BR />CIENCIAS NATURALES Y EXACTAS - CIENCIAS DE LA COMPUTACIÓN E INFORMACIÓN</DIV>'),(21,'Francisco ','Frati',5,NULL,'pacofrati@hotmail.com','<DIV style=\'text-align: left\'><UL><LI>ABOGADO -  Estado Completo</LI></UL><LABEL><B>Experticia:</B></LABEL><BR />Docente interino en las asignaturas derecho penal i y derecho penal ii de la carrera abogacía de la universidad nacional de chilecito.  Docente investigador, integrante del equipo de trabajo de investigación denominado consecuencias de la mediación social en la construcción de la inseguridad en chilecito, actualmente en ejecución con financiamiento ficyt 2011.<BR /><LABEL><B>Área de actuación:</B></LABEL><BR />CIENCIAS SOCIALES - DERECHO</DIV>'),(22,'Marco ','Furlani',1,NULL,'mfurlani@undec.edu.ar','<DIV style=\'text-align: left\'><UL><LI>INGENIERO LABORAL -  Estado Completo, INGENIERO QUIMICO -  Estado Completo</LI><LI>ESPECIALISTA EN HIGIENE Y SEGURIDAD -  Estado Completo</LI></UL><LABEL><B>Experticia:</B></LABEL><BR />-   gerente de producción: cooperativa cofilar. (1971 a 77) - director de: inspección general, bromatología e industria. Municipalidad de chilecito. (1977 a 1996).?PROFESOR Titular interino?: Química general. En la carrera ingeniería agronómica, sede chil<BR /><LABEL><B>Área de actuación:</B></LABEL><BR />CIENCIAS NATURALES Y EXACTAS - CIENCIAS QUÍMICAS</DIV>'),(23,'Marisa ','Gagliardi',4,NULL,'marisagagliardi76@gmail.com','<DIV style=\'text-align: left\'><UL><LI>LICENCIADA EN ANALISIS DE SISTEMAS -  Estado Completo</LI></UL><LABEL><B>Experticia:</B></LABEL><BR />Conceptos aplicados para desarrollo de las clases: sistemas de información, ciclo de vida del desarrollo de sistemas. Ingeniería de sistemas. Ingeniería inversa y reingeniería de software. Proceso de software: marco de trabajo. Diagrama de flujo de datos. Modelo entidad relación. Modelo relacional. Diccionario de datos. Bases de datos relacionales. Normalización. El proceso unificado de desarrollo. Métodos de recopilación de información. El modelo de casos de usos. El lenguaje unificado de modelado (uml). Modelo conceptual de uml. Diagramas. Modelo del negocio. Casos de usos. Diagramas de casos de usos. Especificación de casos de uso. Modelo de dominio. Clases. Diagramas de clases.  Modelo básico de funcionamiento de una computadora. Componentes principales. Introducción al manejo de un sistema operativo. Utilización de la informática en los trabajos de oficina. Nociones de redes de computadoras. Internet y sus servicios. Sistema operativo,  manejo del paquete microsoft office y un conocimiento de los servicios que ofrece internet.<BR /><LABEL><B>Área de actuación:</B></LABEL><BR />CIENCIAS NATURALES Y EXACTAS - CIENCIAS DE LA COMPUTACIÓN E INFORMACIÓN</DIV>'),(24,'Fabian ','Gómez',5,NULL,'albertogomez@hotmail.com','<DIV style=\'text-align: left\'><UL><LI>INGENIERO ELECTRONICO -  Estado Completo</LI></UL><LABEL><B>Experticia:</B></LABEL><BR />Radio frecuencia (rf) radio y tv broadcasting por aire normas de transmision y ajuste de equipos de transmisión en laboratorio diseño por parámetros distribuidos<BR /><LABEL><B>Área de actuación:</B></LABEL><BR />INGENIERÍAS Y TECNOLOGÍAS - INGENIERÍA ELÉCTRICA, INGENIERÍA ELECTRÓNICA E INGENIERÍA DE LA INFORMACIÓN</DIV>'),(25,'Sebastián ','Guidet Canovas',5,'sguidet@undec.edu.ar\r\n','seba_guidet@hotmail.com','<DIV style=\'text-align: left\'><UL><LI>INGENIERO ELECTRONICO -  Estado Completo</LI><LI>CROMATOGRAFÍA LIQUIDA - LIQUIDA DE ALTA  PERFORMANCE -  Estado Completo, IMPLEMENTACIÓN DE SISTEMA DE GESTIÓN DE CALIDAD EN LABORATORIO DE ENSAYO -  Estado Completo</LI><LI>MAGISTER EN INFORMATICA -  Estado Incompleto</LI></UL><LABEL><B>Experticia:</B></LABEL><BR />Poseo experiencia en desarrollo de sistemas de medición, desarrollo de sensores para medir parámetros específicos. Además poseo experiencia en programación en labview.   Además poseo experiencia en mantenimiento de equipos de laboratorio.  También tengo experiencia en implementación de normas de calidad de laboratorio de ensayo  norma iso17025. Me desempeño como responsable de calidad en el laboratorio de alta complejidad de la universidad nacional de chilecito<BR /><LABEL><B>Área de actuación:</B></LABEL><BR />INGENIERÍAS Y TECNOLOGÍAS - INGENIERÍA ELÉCTRICA, INGENIERÍA ELECTRÓNICA E INGENIERÍA DE LA INFORMACIÓN</DIV>'),(26,'Claudia ','Isaia',3,'cpeisaia@hotmail.com\r\n','cpeisaia@gmail.com ','<DIV style=\'text-align: left\'><UL><LI>LICENCIADA EN ANÁLISIS DE SISTEMAS -  Estado Completo, ANALISTA UNIVERSITARIO DE SISTEMAS -  Estado Completo</LI><LI>PROFESORA EN DOCENCIA SUPERIOR -  Estado Completo, PROFESORA EN DISCIPLINAS INDUSTRIALES -  Estado Completo</LI></UL><LABEL><B>Experticia:</B></LABEL><BR />Realización de proyectos con desarrollo en contenidos de informática aplicados a la educación.<BR /><LABEL><B>Área de actuación:</B></LABEL><BR />CIENCIAS NATURALES Y EXACTAS - CIENCIAS DE LA COMPUTACIÓN E INFORMACIÓN</DIV>'),(27,'María Elena ','Lábaque',3,'malenalabaque@gmail.com\r\n','malena_labaque@yahoo.com.ar','<DIV style=\'text-align: left\'><UL><LI>LICENCIADA EN ANÁLISIS DE SISTEMAS -  Estado Completo</LI></UL><LABEL><B>Experticia:</B></LABEL><BR />Mi desempeño profesional es en el área de investigación de operaciones y cálculo numérico. Domino la técnica de programación lineal para la optimización de soluciones en contextos reales.<BR /><LABEL><B>Área de actuación:</B></LABEL><BR />CIENCIAS NATURALES Y EXACTAS - CIENCIAS DE LA COMPUTACIÓN E INFORMACIÓN</DIV>'),(28,'Ricardo ','Lucero',1,'ricardo.lucero@gmail.com\r\n','ricardo_a_lucero@yahoo.com.ar','<DIV style=\'text-align: left\'><UL><LI>INGENIERO EN SISTEMAS DE INFORMACIÓN -  Estado Completo</LI><LI>MAGISTER EN INGENIERÍA DE SISTEMAS -  Estado Incompleto</LI></UL><LABEL><B>Experticia:</B></LABEL><BR />Ingeniero en sistemas, especializado en analisis y diseño y en gestión de proyectos de desarrollo e implementación de sistemas. Con 27 años de experiencia docente y 25 de desempeño de la profesión en la actividad privada.<BR /><LABEL><B>Área de actuación:</B></LABEL><BR />INGENIERÍAS Y TECNOLOGÍAS - INGENIERÍA ELÉCTRICA, INGENIERÍA ELECTRÓNICA E INGENIERÍA DE LA INFORMACIÓN</DIV>'),(29,'Carolina ','Manrique',4,NULL,'acmanrique11@gmail.com','<DIV style=\'text-align: left\'><UL><LI>LICENCIADA EN ECONOMÍA -  Estado Completo</LI><LI>DIPLOMADO DE POSGRADO EN BIOTECNOLOGÍA, INDUSTRIA Y NEGOCIOS -  Estado Incompleto</LI></UL><LABEL><B>Experticia:</B></LABEL><BR />A lo largo de mi carrera profesional me desempeñé como docente en el área de  matemáticas. Mi formación como licenciada en economía me permite participar de proyectos de investigación que involucren modelos matemáticos<BR /><LABEL><B>Área de actuación:</B></LABEL><BR />CIENCIAS NATURALES Y EXACTAS - MATEMÁTICAS</DIV>'),(30,'Horacio ','Martinez del Pezzo',1,'martinezdelpezzo@yahoo.com.ar\r\n','martinezdelpezzo@gmail.com','<DIV style=\'text-align: left\'><UL><LI>INGENIERO ELECTROMECANICO ORIENTACION ELECTRÓNICA -  Estado Completo</LI></UL><LABEL><B>Experticia:</B></LABEL><BR />Ingeniero electrónico, informática<BR /><LABEL><B>Área de actuación:</B></LABEL><BR />INGENIERÍAS Y TECNOLOGÍAS - INGENIERÍA ELÉCTRICA, INGENIERÍA ELECTRÓNICA E INGENIERÍA DE LA INFORMACIÓN</DIV>'),(31,'Enrique N. ','Martinez',1,NULL,'enriquenmartinez@gmail.com','<DIV style=\'text-align: left\'><UL></UL><LABEL><B>Experticia:</B></LABEL><BR />Ingeniero en sistemas, con experiencia en el area de sistemas operativos, en especial entornos linux.investigador en repositorios digitales, en el area de interoperabilidad y metadatos<BR /><LABEL><B>Área de actuación:</B></LABEL><BR />INGENIERÍAS Y TECNOLOGÍAS - INGENIERÍA ELÉCTRICA, INGENIERÍA ELECTRÓNICA E INGENIERÍA DE LA INFORMACIÓN</DIV>'),(32,'Gabriel ','Martinez',1,NULL,'chilecito@gmail.com','<DIV style=\'text-align: left\'><UL></UL><LABEL><B>Experticia:</B></LABEL><BR />Me desarrolle en un area de sistemas grande, pase por todas las areas de sistemas: infreestructura, db, servidores, soporte, programacion y diseño. Luego de 15 años de trabajo y grande proyectos de sistemas logre ser gerente de sistemas de fiat argentina sa<BR /><LABEL><B>Área de actuación:</B></LABEL><BR />INGENIERÍAS Y TECNOLOGÍAS - INGENIERÍA ELÉCTRICA, INGENIERÍA ELECTRÓNICA E INGENIERÍA DE LA INFORMACIÓN</DIV>'),(33,'Hugo ','Maza',NULL,'hcmaza@gmail.com\r\n','hcmaza@yahoo.com.ar','<DIV style=\'text-align: left\'><UL><LI>LICENCIADO EN ANÁLISIS DE SISTEMAS -  Estado Completo</LI></UL><LABEL><B>Experticia:</B></LABEL><BR />Universidad nacional de chilecito.2007 ? 2009area:      académica.función: ayudante (base de datos (mysql) jefe de trabajos prácticos (base de datos ? Taller de programación (jse(básico+ conección base de datos -jdbc)) )universidad nacional de chilecito.2009 ? 2010area:      académica.función: jefe de trabajos prácticos (taller de programación (java (jse(básico+ conección base de datos -jdbc)) )) )universidad nacional de chilecito.2011 ? Presentearea:      académica.función: jtp (lenguajes de programación iii y taller de programación ii (java (jee(básico+ conección base de datos -jdbc)) )) )universidad nacional de chilecito.2011 ? Presentearea:      académica.función: jtp (seminario iii (angular , ionic) )<BR /><LABEL><B>Área de actuación:</B></LABEL><BR />CIENCIAS NATURALES Y EXACTAS - CIENCIAS DE LA COMPUTACIÓN E INFORMACIÓN</DIV>'),(34,'Nora ','Mazolla',2,NULL,'noramazzola@hotmail.com','<DIV style=\'text-align: left\'><UL><LI>CONTADOR PÚBLICO -  Estado Completo</LI><LI>ESPECIALISTA EN DOCENCIA UNIVERSITARIA -  Estado Completo</LI><LI>MAGISTER EN CIENCIA, TECNOLOGÍA Y SOCIEDAD -  Estado Completo</LI></UL><LABEL><B>Experticia:</B></LABEL><BR />El conocimiento adquirido en la maestrìa sobre ciencia,tecnología y sociedad me ha permitido insertarme laboralmente en la secretarìa de cyt de la universidad, manejando con mayor eficiencia aspectos relacionados con las actividades de gestiòn que en ésta àrea se desarrollan, ademàs del caudal de conocimientos que puedo compartir en la docencia y en la investigaciòn<BR /><LABEL><B>Área de actuación:</B></LABEL><BR />CIENCIAS SOCIALES - ECONOMÍA Y NEGOCIOS</DIV>'),(35,'Julio Oscar ','Mercado',4,NULL,'julioosmercado@hotmail.com','<DIV style=\'text-align: left\'><UL><LI>INGENIERO DE PETROLEOS -  Estado Completo</LI><LI>MAESTRIA PARA LA ENSEÑANZA DE LAS CIENCIAS EXACTAS MENCIÓN QUÍMICA -  Estado Incompleto</LI></UL><LABEL><B>Experticia:</B></LABEL><BR />Ingeniero in situ perforación de compañía tecpetrol (techint) desde 1997 al 1999.  Profesor de escuela secundaria de campanas dpto famatina la rioja en fisica, matematica y quimica desde 2002 hasta 2012.  Profesor jtp de química general e inorgánica en agronomia undec desde 2005 a la fecha.  Profesor de físico química undec desde 2010 a la fecha.<BR /><LABEL><B>Área de actuación:</B></LABEL><BR />CIENCIAS NATURALES Y EXACTAS - CIENCIAS QUÍMICAS</DIV>'),(36,'Roberto ','Millon',5,'rmillon@undec.edu.ar\r\n','robertomillontello@gmail.com','<DIV style=\'text-align: left\'><UL><LI>INGENIERO ELECTRÓNICO -  Estado Completo</LI><LI>MAGISTER EN INFRMÁTICA -  Estado Incompleto</LI></UL><LABEL><B>Experticia:</B></LABEL><BR />-mi formación profesional como ingeniero electrónico me permite diseñar, desarrollar e interpretar toda clase de circuitos electrónicos, tanto analógicos como digitales, para diferentes propósitos (control, comunicación, etc).   -me especializo en control<BR /><LABEL><B>Área de actuación:</B></LABEL><BR />INGENIERÍAS Y TECNOLOGÍAS - INGENIERÍA ELÉCTRICA, INGENIERÍA ELECTRÓNICA E INGENIERÍA DE LA INFORMACIÓN</DIV>'),(37,'Raúl ','Moralejo',3,NULL,'romoralejo@gmail.com','<DIV style=\'text-align: left\'><UL><LI>INGENIERO EN SISTEMAS DE INFORMACIÓN -  Estado Completo, LICENCIADO EN SISTEMAS DE INFORMACIÓN -  Estado Completo</LI><LI>ACTUALIZACIÓN EN INGENIERÍA EN SISTEMAS DE INFORMACIÓN -  Estado Completo</LI><LI>DOCTOR EN ENSEÑANZA DE LAS CIENCIAS Y LA TECNOLOGÍA -  Estado Completo</LI></UL><LABEL><B>Experticia:</B></LABEL><BR />Ingeniero en sistemas de información universidad tecnológica nacional facultad regional mendoza. Luego se doctoró en la universidad de granada españa. Doctor en enseñanza de las ciencias y la tecnología. Docente e investigador categoría \'a\' en la utn-frm. Director de área gridtics utn (grupo de investigación y desarrollo de tecnologías de la información y comunicaciones). Participante en proyectos de investigación y desarrollo nacionales e internacionales. Consultor en organismos internacionales. Presidente de cirope. S.a. Miembro de aia-cts. 2006-2015 adherido a la década por una educación para la sostenibilidad. 2015 -continua adherido al programa de acción global un compromiso renovado por la educación para la sostenibilidad. Miembro de comité científicos. 2012 publicación del libro innovación en la enseñanza de la tecnología. Perspectiva cts. Editorial académica española. 2015 publicación del libro investigaciones en enseñanza de las ciencias y la tecnología, capítulo 4, editorial universidad de granada<BR /><LABEL><B>Área de actuación:</B></LABEL><BR />CIENCIAS NATURALES Y EXACTAS - CIENCIAS DE LA COMPUTACIÓN E INFORMACIÓN</DIV>'),(38,'Enrique ','Neder',3,NULL,'enrique.neder@eco.uncor.edu','<DIV style=\'text-align: left\'><UL><LI>LICENCIADO EN ECONOMÍA -  Estado Completo</LI><LI>DOCTOR EN CIENCIAS ECONÓMICAS - MENCIÓN ECONOMÍA -  Estado Completo</LI></UL><LABEL><B>Experticia:</B></LABEL><BR />Teoría monetaria y economía de la regulación. Política de bancos centrales, efectos macroeconómicos de las políticas del banco central.  Regulación de servicios públicos, determinación de tarifas.<BR /><LABEL><B>Área de actuación:</B></LABEL><BR />CIENCIAS SOCIALES - ECONOMÍA Y NEGOCIOS</DIV>'),(39,'Juan Marcelo ','Ochova',4,NULL,'jmochova@hotmail.com','<DIV style=\'text-align: left\'><UL></UL><LABEL><B>Experticia:</B></LABEL><BR />Ingeniero en telecomunicaciones especializado en teleinformática<BR /><LABEL><B>Área de actuación:</B></LABEL><BR />INGENIERÍAS Y TECNOLOGÍAS - INGENIERÍA ELÉCTRICA, INGENIERÍA ELECTRÓNICA E INGENIERÍA DE LA INFORMACIÓN</DIV>'),(40,'Pablo ','Olmedo',NULL,NULL,'polmedo@undec.edu.ar','<DIV style=\'text-align: left\'><UL><LI>LICENCIADO EN ANÁLISIS DE SISTEMAS -  Estado Completo</LI></UL><LABEL><B>Experticia:</B></LABEL><BR />Actualmente me encuentro a cargo del área de infraestructura de red y comunicaciones de la universidad nacional de chilecito. Ademas soy docente de las cátedras de redes i, seguridad en aplicaciones web y pericias informáticas y telecomunicaciones.<BR /><LABEL><B>Área de actuación:</B></LABEL><BR />CIENCIAS NATURALES Y EXACTAS - CIENCIAS DE LA COMPUTACIÓN E INFORMACIÓN</DIV>'),(41,'Gabriel ','Quiroga',3,NULL,'quirogagabriel@gmail.com','<DIV style=\'text-align: left\'><UL><LI>LICENCIADO EN SISTEMAS -  Estado Completo</LI><LI>ESPECIALISTA EN ENTORNOS VIRTUALES DE APRENDIZAJE -  Estado Completo</LI><LI>MAGISTER EN INFORMÁTICA -  Estado Incompleto</LI></UL><LABEL><B>Experticia:</B></LABEL><BR />Técnico en electrónica. Licenciado en sistemas, instructor cisco ccna, especialista en entornos virtuales de aprendizaje y magister en informática (tesis). Investigador y docente (undec) de tecnologías de comunicaciones (redes de datos) y tecnologías aplicadas a procesos de enseñanza-aprendizaje en educación superior.  Coordinador del área tecnologías de la información y la comunicación en la educación (tice) en undec. Miembro de la rueda (red universitaria de educación a distancia de argentina). Miembro de la comisión de educación a distancia de ausa (asociación de universidades sur andina), titular del grupo de gestión tecnológica, coordinador local del seminario de posgrado \'las tecnologías educativas en entornos virtuales\' con modalidad a distancia y miembro del comité redactor de la maestría en enseñanza en escenarios digitales. Colaborador de la gestión académica. Referente técnico, responsable institucional, administrador del sistema de acreditaciones coneau y miembro de la comisión de acreditaciones de carreras de grado y posgrado.<BR /><LABEL><B>Área de actuación:</B></LABEL><BR />CIENCIAS NATURALES Y EXACTAS - CIENCIAS DE LA COMPUTACIÓN E INFORMACIÓN, INGENIERÍAS Y TECNOLOGÍAS - INGENIERÍA ELÉCTRICA, INGENIERÍA ELECTRÓNICA E INGENIERÍA DE LA INFORMACIÓN, CIENCIAS SOCIALES - CIENCIAS DE LA EDUCACIÓN</DIV>'),(42,'Carlos Ariel ','Quiroga Marín',4,NULL,'caqmchilecito@hotmail.com','<DIV style=\'text-align: left\'><UL><LI>LICENCIADO EN ANÁLISIS DE SISTEMAS -  Estado Completo</LI></UL><LABEL><B>Experticia:</B></LABEL><BR />Sistemas, informatica. Redes, sistemas operativos, educación<BR /><LABEL><B>Área de actuación:</B></LABEL><BR />CIENCIAS NATURALES Y EXACTAS - CIENCIAS DE LA COMPUTACIÓN E INFORMACIÓN</DIV>'),(43,'Rosana ','Quiroga',1,NULL,'roquiroga4@hotmail.com','<DIV style=\'text-align: left\'><UL><LI>LICENCIADA EN CIENCIAS DE LA EDUCACIÓN CON ESPECIALIZACIÓN EN PLANEAMIENTO, SUPERVISIÓN Y ADMINISTRACIÓN EDUCATIVA -  Estado Completo, PROFESORA EN CIENCIAS DE LA EDUCACIÓN -  Estado Completo</LI><LI>DOCTOR EN POLÍTICA Y GESTIÓN DE LA EDUCACIÓN SUPERIOR -  Estado Incompleto</LI></UL><LABEL><B>Experticia:</B></LABEL><BR />Soy licenciada , profesora y especialista en ciencias de la educación. Me he desempeñado como docente en nivel superior y universitario como docente y ocupando cargos de gestión universitaria como directora de carreras y actualmente directora de departamento y consejera superior. Tengo activa participación  en proyectos de investigación, extensión, articulación y direcciones de proyectos en los distintos programas de las spu. Soy docente investigadora categoria v<BR /><LABEL><B>Área de actuación:</B></LABEL><BR />CIENCIAS SOCIALES - CIENCIAS DE LA EDUCACIÓN</DIV>'),(44,'Raul ','Ramos',4,NULL,'rramos@undec.edu.ar','<DIV style=\'text-align: left\'><UL><LI>ABOGADO -  Estado Completo</LI></UL><LABEL><B>Experticia:</B></LABEL><BR />Formación en derechos del consumidor<BR /><LABEL><B>Área de actuación:</B></LABEL><BR />CIENCIAS SOCIALES - DERECHO</DIV>'),(45,'Alberto ','Riba',1,NULL,'albertoriba@gmail.com','<DIV style=\'text-align: left\'><UL><LI>INGENIERO EN SISTEMAS DE INFORMACIÓN -  Estado Completo</LI><LI>MAGISTER EN INFORMÁTICA -  Estado Incompleto</LI></UL><LABEL><B>Experticia:</B></LABEL><BR />Ingeniería de software - agromática - red de sensores - sistemas de riego<BR /><LABEL><B>Área de actuación:</B></LABEL><BR />INGENIERÍAS Y TECNOLOGÍAS - INGENIERÍA ELÉCTRICA, INGENIERÍA ELECTRÓNICA E INGENIERÍA DE LA INFORMACIÓN</DIV>'),(46,'Eugenia ','Rivero',3,NULL,'eugeriverop@yahoo.com.ar','<DIV style=\'text-align: left\'><UL><LI>PROFESORA EN MATEMÁTICA -  Estado Completo, PROFESORA EN MATEMÁTICA PARA LA ENSEÑANZA SECUNDARIA -  Estado Completo</LI></UL><LABEL><B>Experticia:</B></LABEL><BR />Soy profesora en matemática para la enseñanza secundaria y profesora en matemática, ambos títulos expedidos por la facultad de matemática, astronomía y física (famaf) dependiente de la universidad nacional de córdoba.soy además especialista docente de nivel superior en educación y tic.me desempeño como docente en la universidad nacional de chilecito en las carreras licenciatura en sistemas, ingeniería en sistemas, licenciatura en economía. También soy docente del profesorado de educación secundaria de matemática del instituto superior de formación docente joaquín v. González de chilecito, provincia de la rioja.<BR /><LABEL><B>Área de actuación:</B></LABEL><BR />CIENCIAS NATURALES Y EXACTAS - MATEMÁTICAS</DIV>'),(47,'Emmanuel ','Robador',4,NULL,'robador@gmail.com','<DIV style=\'text-align: left\'><UL><LI>INGENIERO EN SISTEMAS -  Estado Completo, LICENCIADO EN SISTEMAS -  Estado Completo</LI></UL><LABEL><B>Experticia:</B></LABEL><BR />-mi formación profesional me permite realizar la construcción de software, desde los requerimientos del cliente al software terminado. Con conocimientos en telemática, programación y bases de datos.-Me especializo en servidores y servicios de infraestruct<BR /><LABEL><B>Área de actuación:</B></LABEL><BR />CIENCIAS NATURALES Y EXACTAS - CIENCIAS DE LA COMPUTACIÓN E INFORMACIÓN</DIV>'),(48,'Hector Daniel ','Robins',3,NULL,'daniel.robins@kunan.com.ar','<DIV style=\'text-align: left\'><UL><LI>INGENIERO EN SISTEMAS DE INFORMACIÓN -  Estado Completo</LI></UL><LABEL><B>Experticia:</B></LABEL><BR />He trabajado por más de 20 años en la industria tecnológica, en múltiples proyectos tanto del sector privado como público, implementando soluciones de bases de datos sobre tecnologías oracle y hpe con excelentes resultados, sobre todo en proyectos de misión crítica. Actualmente soy director de tecnología de kunan sa, con base en córdoba, argentina, empresa que fundamos con marcelo bianchi y daniel ibañez, en el año 2006, y donde  fundamos el spin-off www.dbaremoto.com mediante cual proveemos servicios de bases de datos a renombradas empresas de argentina y latinoamérica. Desde el año 2015 somos partners de hpe enterprise, brindando consultoría sobre las soluciones de big data, principalmente sobre la base de datos vertica.tengo más de 10 años de experiencia como instructor certificado en la carrera de bases de datos oracle en la universidad tecnológica nacional y soy profesor e investigador de bases de datos, en la universidad nacional de chilecito, donde también soy miembro de la comisión curricular de las carreras de sistemas.<BR /><LABEL><B>Área de actuación:</B></LABEL><BR />INGENIERÍAS Y TECNOLOGÍAS - INGENIERÍA ELÉCTRICA, INGENIERÍA ELECTRÓNICA E INGENIERÍA DE LA INFORMACIÓN</DIV>'),(49,'Lucía ','Rodriguez',4,NULL,'luciarwaidatt@gmail.com','<DIV style=\'text-align: left\'><UL><LI>CONTADORA PÚBLICA -  Estado Completo</LI><LI>ESPECIALIZACIALISTA EN ENTORNOS VIRTUALES DE APRENDIZAJE -  Estado Completo, DIPLOMADA SUPERIOR EN EDUCACIÓN Y NUEVAS TECNOLOGÍAS -  Estado Completo</LI></UL><LABEL><B>Experticia:</B></LABEL><BR />Mi formación de base es en ciencias económicas, y me desempeño como profesional independiente y profesora universitaria.   En el campo académico me especializo en evaluación de proyectos de inversión y en educación y nuevas tecnologías. Para ello empleo técnicas estadísticas descriptivas e inferencial.<BR /><LABEL><B>Área de actuación:</B></LABEL><BR />CIENCIAS SOCIALES - ECONOMÍA Y NEGOCIOS</DIV>'),(50,'Jorge Mario ','Rojo',3,'jrojo@undec.edu.ar\r\n','jorgerojo@arnet.com.ar','<DIV style=\'text-align: left\'><UL><LI>PROFESOR EN ECONOMÍA -  Estado Completo, INGENIERO METALÚRGICO -  Estado Completo</LI></UL><LABEL><B>Experticia:</B></LABEL><BR />Estudios de métodos computacionales, teoría de la computación, teoría de juegos<BR /><LABEL><B>Área de actuación:</B></LABEL><BR />CIENCIAS NATURALES Y EXACTAS - MATEMÁTICAS</DIV>'),(51,'Horacio ','Roldan',3,NULL,'horacioroldan08@gmail.com','<DIV style=\'text-align: left\'><UL><LI>INGENIERO CIVIL -  Estado Completo</LI></UL><LABEL><B>Experticia:</B></LABEL><BR />Ingeniería civil manejo de sistemas de riego y distritos de riego<BR /><LABEL><B>Área de actuación:</B></LABEL><BR />INGENIERÍAS Y TECNOLOGÍAS - INGENIERÍA CIVIL</DIV>'),(52,'Clelia ','Romero',3,'cleliardr@hotmail.com\r\n','cromero@undec.edu.ar','<DIV style=\'text-align: left\'><UL><LI>CONTADOR PUBLICO -  Estado Completo</LI></UL><LABEL><B>Experticia:</B></LABEL><BR />Estudiar la importancia de la contabilidad, principalmente la contabilidad gerencial o de costos como herramienta fundamental para la toma de decisiones, haciendo hincapié en  la necesidad de que las pequeñas y medianas empresas incorporen formalmente en su estructura organizacional profesionales idóneos en la materia para incrementar la eficiencia y eficacia en la administración apuntando a lograr el desarrollo de la empresa y su competitividad en el mercado.    <BR /><LABEL><B>Área de actuación:</B></LABEL><BR />CIENCIAS SOCIALES - ECONOMÍA Y NEGOCIOS</DIV>'),(53,'Mara ','Rovero',5,NULL,'mararovero@gmail.com','<DIV style=\'text-align: left\'><UL></UL><LABEL><B>Experticia:</B></LABEL><BR />Actualmente con el cargo de gerente de sistemas y comunicaciones en la empresa agro andina s.a, en donde mayormente desarrollo funciones relativas a administración de proyectos informáticos y gestión de recursos.también todas las funciones relativas al área: analista funcional de sistemas, configuración, mantenimiento y reparación de equipos, administrador de red, administrador de base de datos, etc.academicamente me desempeño como docente ayudante primera en las materias de trabajo final, auditoria de sistemas, gestión de calidad<BR /><LABEL><B>Área de actuación:</B></LABEL><BR />INGENIERÍAS Y TECNOLOGÍAS - INGENIERÍA ELÉCTRICA, INGENIERÍA ELECTRÓNICA E INGENIERÍA DE LA INFORMACIÓN</DIV>'),(54,'Alberto Javier ','Ruitti',4,'jruitti@undec.edu.ar\r\n','ruittijavier@gmail.com','<DIV style=\'text-align: left\'><UL><LI>INGENIERO EN SISTEMAS -  Estado Completo</LI><LI>MAGISTER EN INFORMÁTICA -  Estado Incompleto</LI></UL><LABEL><B>Experticia:</B></LABEL><BR />Orienté mi carrera profesional hacia el desarrollo de software.  Domino técnicas de desarrollo de programas a alto nivel utilizando lenguajes de programación como c, c# y java.  He desarrollado en conjunto, sistemas de gestión universitarios, en la universidad nacional de chilecito.  También en mi actuar profesional he participado en sistemas de virtualización de servidores<BR /><LABEL><B>Área de actuación:</B></LABEL><BR />CIENCIAS NATURALES Y EXACTAS - CIENCIAS DE LA COMPUTACIÓN E INFORMACIÓN</DIV>'),(55,'Natalia ','Ruitti',5,NULL,'nruitti@undec.edu.ar','<DIV style=\'text-align: left\'><UL><LI>LICENCIADA EN ANÁLISIS DE SISTEMA -  Estado Completo</LI></UL><LABEL><B>Experticia:</B></LABEL><BR />Análisis y diseño de sistemas. Formulación y evaluación de sistemas informáticos. Administración de proyectos de sistemas.<BR /><LABEL><B>Área de actuación:</B></LABEL><BR />CIENCIAS NATURALES Y EXACTAS - CIENCIAS DE LA COMPUTACIÓN E INFORMACIÓN</DIV>'),(56,'Valeria ','Sanchez',5,'valesanchezb@gmail.com\r\n','valeria_vas22@hotmail.com','<DIV style=\'text-align: left\'><UL><LI>LICENCIADA EN SISTEMAS -  Estado Completo</LI><LI>ESPECIALISTA EN INGENIERÍA EN CALIDAD -  Estado Completo</LI><LI>MAGISTER EN INFORMÁTICA -  Estado Incompleto</LI></UL><LABEL><B>Experticia:</B></LABEL><BR />Actualmente me encuentro realizando la tesis de magister en informática, cursada en la universidad nacional de san juan. Área disciplinar: ingeniería de requisitos.<BR /><LABEL><B>Área de actuación:</B></LABEL><BR />CIENCIAS NATURALES Y EXACTAS - CIENCIAS DE LA COMPUTACIÓN E INFORMACIÓN</DIV>'),(57,'Elvio ','Sigampa Paez',3,NULL,'esigampapaez@yahoo.com.ar','<DIV style=\'text-align: left\'><UL><LI>INGENIERO EN ELECTRÓNICA -  Estado Completo</LI></UL><LABEL><B>Experticia:</B></LABEL><BR />Experiencia en electronica de automatismo<BR /><LABEL><B>Área de actuación:</B></LABEL><BR />INGENIERÍAS Y TECNOLOGÍAS - INGENIERÍA ELÉCTRICA, INGENIERÍA ELECTRÓNICA E INGENIERÍA DE LA INFORMACIÓN</DIV>'),(58,'Jorge ','Tejada',4,NULL,'jorgedat@gmail.com','<DIV style=\'text-align: left\'><UL><LI>LICENCIADO EN SISTEMAS -  Estado Completo, LICENCIADO EN MATEMATICA -  Estado Incompleto</LI></UL><LABEL><B>Experticia:</B></LABEL><BR />Programador, docente de matemáticas, dba.<BR /><LABEL><B>Área de actuación:</B></LABEL><BR />CIENCIAS NATURALES Y EXACTAS - CIENCIAS DE LA COMPUTACIÓN E INFORMACIÓN</DIV>'),(59,'José Daniel ','Texier Ramirez',3,NULL,'dantexier@gmail.com','<DIV style=\'text-align: left\'>\r\n<UL>\r\n  <LI>INGENIERO EN INFORMATICA -  Estado Completo</LI>\r\n  <LI>MAGISTER EN COMPUTACION -  Estado Completo</LI>\r\n  <LI>DOCTOR EN CIENCIAS INFORMÁTICAS -  Estado Completo</LI>\r\n</UL>\r\n<LABEL><B>Experticia:</B></LABEL><BR />\r\nDoctor en Ciencias Informáticas de la Universidad Nacional de La Plata (Argentina). Magíster en Computación por la Universidad de Los Andes (Venezuela). Ingeniero en Informática de la Universidad Nacional Experimental del Táchira (Venezuela). Profesor de la Universidad Nacional Experimental del Táchira (Venezuela). Las líneas de investigación que desarrollo son: Bibliotecas Digitales, Repositorios Institucionales, Gestión de la Información, Compiladores e Intérpretes y Desarrollo de Software. Las investigaciones realizadas pueden consultarse en:- Orcid: http://orcid.org/0000-0003-0176-6625- Perfil en Google Académico: https://scholar.google.com.ar/citations?user=kUQ1boMAAAAJ&hl=en&oi=ao \r\n<BR /><LABEL><B>Área de actuación:</B></LABEL><BR />\r\nCiencias naturales y exactas > Ciencias de la Computación e Información > Ciencias de la Información y Bioinformática (desarrollo de hardware va en 2.2 \"Ingeniería Eléctrica, Electrónica y de Información\" y los aspectos sociales van en 5.8 \"Comunicación y Medios\") \r\n</DIV>'),(60,'Edgar ','Torrielli',NULL,NULL,'e.torrielli@gmail.com','<DIV style=\'text-align: left\'><UL></UL><LABEL><B>Experticia:</B></LABEL><BR />Tengo 8 años de experiencia como desarrollador jee bajo diferentes frameworks, con interés constante en adquirir nuevos conocimientos y transmitir los propios.especialidades: jee, struts, oracle adf faces, jsf, hibernate, jpa, spring, springboot, node.js, html5, jquery, angularjs, pl/sql, android, oracle 10g/11g, mysql, ireport jasper report, soa, oc4j, jboss, tomcat, weblogic, maven, svn, git.habilidades personales: orientado a los resultados, proactivo, trabajo en equipo, responsable, autoaprendizaje.<BR /><LABEL><B>Área de actuación:</B></LABEL><BR />CIENCIAS NATURALES Y EXACTAS - CIENCIAS DE LA COMPUTACIÓN E INFORMACIÓN</DIV>'),(61,'Daniel E. ','Turne',NULL,NULL,'daniel.turne@gmail.com','<DIV style=\'text-align: left\'><UL><LI>INGENIERO ELECTRICISTA -  Estado Completo</LI><LI>SIDERURUGICO -  Estado Completo</LI></UL><LABEL><B>Experticia:</B></LABEL><BR />Mantenimiento preventivo, correctivo, predictivo, instalación y operación de instrumentos analíticos.desarrollo interfaces electrónicas y sistemas de adquisición de datos, fuentes conmutadas. Espectroscopia infrarroja, dispersiva y fourier. Espectroscopia uv-visible, dispersiva y por arreglo de diodos, análisis térmico diferencial (dta/dsc), análisis termo gravimétrico (tga), espectroscopia raman dispersiva, espectroscopia por transformada de fourier, láseres gaseosos y semiconductores, visibles y co2, difractómetro de rayos x, susceptibilidad magnética, voltámetro cíclico, cromatografía gaseosa (gc, gc-ms), cromatografía liquida de alta presión (hplc), espectrometría de masas (icp-ms), sistemas de alto vacío, sistemas informáticos, clúster de calculo numérico de alta rendimiento. Puesta a punto de técnicas relacionadas a los instrumentos mencionados. Medición ozono antártico espectroscopia brewer y eva, radiación uv, riometría, sondeos ionosfericos, geomagnetismo absoluto e inherente, solfotometria.  Norma iso 17025. Sistemas auxiliares y de fuerza motriz.<BR /><LABEL><B>Área de actuación:</B></LABEL><BR />CIENCIAS NATURALES Y EXACTAS - CIENCIAS QUÍMICAS</DIV>'),(62,'Marcela ','Valleto',4,'marcelavalletto@hotmail.com\r\n','marcevalletto@gmail.com','<DIV style=\'text-align: left\'><UL><LI>ARQUITECTA -  Estado Completo</LI></UL><LABEL><B>Experticia:</B></LABEL><BR />Docencia nivel superior vinculada a las actividades curriculares de historia, patrimonio cultural, geografía urbana en los contenidos de planificación  urbana, urbanismo y su evolución.sistemas graficos de representacion.proyectos de extencion relacionados al desarrollo local y el turismo. Diseño, proyecto y ejecución de obras de arquitectura.  Inventario y relevamiento del patrimonio arquitectónico urbano de la ciudad de chilecito. Planificación y gestión urbana vinculada a las problemáticas del crecimiento urbano.  Análisis y verificación del cumplimiento de la normativa urbana vigente. Análisis e informes técnicos de proyectos arquitectónicos y urbanos para otorgamiento de factibilidad de usos y fraccionamiento de suelo.<BR /><LABEL><B>Área de actuación:</B></LABEL><BR />CIENCIAS SOCIALES - GEOGRAFÍA ECONÓMICA Y SOCIAL, HUMANIDADES - ARTE, HUMANIDADES - HISTORIA Y ARQUEOLOGÍA </DIV>'),(63,'Hector M. ','Varas',3,'micovaras@hotmail.com\r\n','micovaras@yahoo.com.ar','<DIV style=\'text-align: left\'><UL><LI>ARQUITECTO -  Estado Completo</LI></UL><LABEL><B>Experticia:</B></LABEL><BR />Realización de proyectos con contenidos históricos aplicados al desarrollo local<BR /><LABEL><B>Área de actuación:</B></LABEL><BR />CIENCIAS SOCIALES - COMUNICACIÓN Y MEDIOS</DIV>'),(64,'Verena ','Vicencio',4,'verena.vicencio@gmail.com\r\n','verevere@gmail.com','<DIV style=\'text-align: left\'><UL><LI>INGENIERA EN SISTEMAS DE INFORMACIÓN -  Estado Completo</LI><LI>ESPECIALISTA EN INGENIERÍA EN CALIDAD -  Estado Completo</LI></UL><LABEL><B>Experticia:</B></LABEL><BR />Mejora en la calidad de procesos.mejora de la calidad de productos y datos.educación tecnológica desde la perspectiva cts (ciencia, tecnología y sociedad).IMPLEMENTACIÓN De sistemas de gestión de calidad para organizaciones tics.capacitación en modelos y estándares de calidad de procesos, productos y datos.<BR /><LABEL><B>Área de actuación:</B></LABEL><BR />CIENCIAS NATURALES Y EXACTAS - CIENCIAS DE LA COMPUTACIÓN E INFORMACIÓN</DIV>'),(66,'Hugo Javier','Curti',3,NULL,NULL,NULL);

/*Table structure for table `User` */

DROP TABLE IF EXISTS `User`;

CREATE TABLE `User` (
  `idUser` int(10) NOT NULL AUTO_INCREMENT,
  `name` varchar(30) DEFAULT NULL,
  `user` varchar(30) DEFAULT NULL,
  `passwd` varchar(200) DEFAULT NULL,
  PRIMARY KEY (`idUser`)
) ENGINE=InnoDB AUTO_INCREMENT=2 DEFAULT CHARSET=utf8 ROW_FORMAT=COMPRESSED;

/*Data for the table `User` */

insert  into `User`(`idUser`,`name`,`user`,`passwd`) values (1,'Admin','admin','admin');

/*Table structure for table `carrera` */

DROP TABLE IF EXISTS `carrera`;

CREATE TABLE `carrera` (
  `idCarrera` int(11) NOT NULL AUTO_INCREMENT,
  `plan` varchar(20) DEFAULT NULL,
  `nombre` varchar(80) DEFAULT NULL,
  `presentacion` blob,
  `perfil` blob,
  `planPdf` varchar(50) DEFAULT NULL,
  PRIMARY KEY (`idCarrera`)
) ENGINE=InnoDB AUTO_INCREMENT=4 DEFAULT CHARSET=utf8 ROW_FORMAT=COMPRESSED;

/*Data for the table `carrera` */

insert  into `carrera`(`idCarrera`,`plan`,`nombre`,`presentacion`,`perfil`,`planPdf`) values (1,'072/08','Ingenieria en Sistemas','<br>\r\n<p>\r\n    <i>La carrera de Ingeniería en Sistemas que se dicta en la Universidad Nacional de Chilecito fue aprobada\r\n	por Ordenanza N° 173 (20 de diciembre de 2001). Desde esa oportunidad hasta la fecha, las ciencias\r\n	informáticas y las disciplinas vinculadas a ella como son, por ejemplo, las comunicaciones o la teleinformática\r\n	han sufrido importantes cambios tecnológicos que ameritan una actualización de los planes de estudio\r\n	vigentes, de forma de poder ofrecerles a los alumnos una currícula más acorde con los tiempos actuales.\r\n    </i>\r\n</p>\r\n<p>El Plan de Carrera tiene en cuenta las exigencias que se establecen para todas las carreras de ingeniería\r\n    en cuanto a la cantidad total de horas mínimas que se deben cursar y la realización de la denominada\r\n    Práctica Profesional Supervisada – PPS. Por otra parte se ha considerado muy especialmente la distribución\r\n    de horas teóricas y prácticas, la capacitación científica y pedagógica del plantel docente, y los niveles\r\n    de exigencias que permitan la adecuada promoción de materias, y la asignación de horas de forma que los\r\n    contenidos mínimos de las mismas puedan ser dictados en forma efectiva y completa. Se mantienen los conceptos\r\n    básicos bajo los cuales esta carrera fue creada, formar un profesional tecnológico capacitado para desarrollar\r\n    sistemas de ingeniería y tecnología afines a los existentes y producir innovaciones; capaz de analizar\r\n    y evaluar requerimientos de procesamientos de información, y sobre esa base, desarrollar, diseñar, organizar,\r\n    implementar y controlar sistemas informáticos, al servicio de múltiples necesidades de información, de\r\n    las organizaciones y de todas las profesiones con las que deberá interactuar con versatilidad y vocación\r\n    de servicio interdisciplinario. Además, que reciba una formación integral en materias técnicas y humanísticas\r\n    que lo habilite para responder a las demandas de una sociedad que exige del mismo un marcado compromiso\r\n    con la preservación del medio ambiente; el mejoramiento de la calidad de vida en general y una gran responsabilidad\r\n    social en el quehacer profesional.</p>\r\n<p>\r\n    <b>Objetivos</b>\r\n</p>\r\n<p>La Carrera de Ingeniería en Sistemas tiene como fin formar un Ingeniero tecnológico capacitado para desarrollar\r\n    sistemas de ingeniería y tecnología afines a los existentes y producir innovaciones. Se propone formar\r\n    un profesional capaz de analizar y evaluar requerimientos de procesamientos de información, y sobre esa\r\n    base, desarrollar, diseñar, organizar, implementar y controlar sistemas informáticos, al servicio de\r\n    múltiples necesidades de información, de las organizaciones y de todas las profesiones con las que deberá\r\n    interactuar con versatilidad y vocación de servicio interdisciplinario. La preparación integral recibida\r\n    en materias técnicas y humanísticas lo habilita para responder a las demandas de una sociedad que exige\r\n    de un Ingeniero un marcado compromiso con la preservación del medio ambiente, el mejoramiento de la calidad\r\n    de vida en general y una gran responsabilidad social en el quehacer profesional.\r\n</p>\r\n\r\n','<br>\r\n<p>Título: Ingeniero en Sistemas</p>\r\n<p>Se aspira a formar profesionales que, egresados de la UNdeC, deberán estar en condiciones de:</p>\r\n<ol>\r\n    <li>Realizar estudios y análisis de factibilidad, planificar, dirigir, realizar y/o evaluar proyectos de\r\n	relevamiento, análisis, especificación, diseño, desarrollo, implementación, Verificación, validación,\r\n	puesta a punto, mantenimiento y actualización, para todo tipo de personas físicas o jurídicas, de:\r\n	Sistemas de Información. Software vinculado indirectamente al hardware y a los sistemas de comunicación\r\n	de datos. Organización, diseño y funcionamiento de Centros de Procesamiento de Datos. Diseño de aplicaciones\r\n	gráficas con medios informáticos.</li>\r\n    <li>Determinar, aplicar y controlar estrategias y políticas de desarrollo de Sistemas de Información y de\r\n	Software.\r\n    </li>\r\n    <li>Evaluar y seleccionar los lenguajes de especificación, herramientas de diseño, procesos de desarrollo,\r\n	lenguajes de programación y arquitecturas de software relacionados con el punto 1.</li>\r\n    <li>Evaluar y seleccionar las arquitecturas tecnológicas de procesamiento, sistemas de comunicación de datos,\r\n	telecomunicaciones y software de base para su utilización en los sistemas de información.</li>\r\n    <li>Diseñar metodologías y tecnologías para desarrollo de software y los sistemas de información vinculados\r\n	al punto 1.</li>\r\n    <li>Organizar y dirigir el área de sistemas de todo tipo de personas físicas o jurídicas, determinar el perfil\r\n	de los recursos humanos necesarios y contribuir a su selección y formación.</li>\r\n    <li>Planificar, diseñar, dirigir y realizar la capacitación de usuarios en la utilización del software y\r\n	sistemas de información vinculados al punto 1.</li>\r\n    <li>Determinar y controlar el cumplimiento de pautas técnicas, normas y procedimientos que rijan el funcionamiento\r\n	y la utilización del software y sistemas de información vinculados al punto 1.</li>\r\n    <li>Elaborar, diseñar, implementar y/o evaluar métodos y normas a seguir en cuestiones de seguridad de la\r\n	información y los datos procesados, generados y/o transmitidos por el software.</li>\r\n    <li>Elaborar, diseñar, implementar y/o evaluar métodos y procedimientos de auditoría, aseguramiento de la\r\n	calidad, seguridad y forensia del software y sistemas de información vinculados al punto 1.</li>\r\n    <li>Realizar arbitrajes, peritajes y tasaciones referidas a las áreas específicas de su aplicación y entendimiento.</li>\r\n    <li>Participar en equipos de análisis interdisciplinarios para la comprensión de la problemática relacionada\r\n	con la ética profesional del ingeniero y la problemática de los derechos humanos.</li>\r\n</ol>\r\n','data/planIS.pdf'),(2,'071/08','Licenciatura en Sistemas','<br>\r\n<p>\r\n    La carrera de <strong>Licenciatura en Sistemas</strong> tiene \r\n    como fin formar profesionales con un perfil que responda a las \r\n    exigencias del mercado y de las empresas, que, continuamente, \r\n    actualizan sus recursos tecnológicos y procesos de administración \r\n    y gestión informática. Por tal motivo el plan fue diseñado para \r\n    brindar una sólida formación básica en áreas específicas como \r\n    gestión e ingeniería de software, programación, diseño y análisis \r\n    de sistemas, redes y asignaturas que permiten la adquisición de \r\n    una formación continuamente actualizada que facilita la inserción \r\n    laboral en forma inmediata. La preparación integral recibida en \r\n    materias técnicas y humanísticas lo habilita para responder a \r\n    las demandas de una sociedad que exige de un profesional con un \r\n    marcado compromiso con la preservación del medio ambiente, el \r\n    mejoramiento de la calidad de vida en general y una gran \r\n    responsabilidad social en el quehacer profesional.\r\n</p>\r\n','<br>\r\n<p class=\"lead\">Se aspira a formar profesionales con significativos fundamentos teóricos de Informática y conocimiento actualizado de las tecnologías, de modo de orientarse especialmente al mercado profesional vinculado con los Sistemas Informáticos, en particular los aspectos propios del manejo de software y datos dentro de una organización. El graduado estará en condiciones de participar en actividades de Investigación, Desarrollo y Transferencia dentro de la disciplina. Asimismo los egresados de UNdeC, estarán en condiciones de:</p>\r\n<ol>\r\n<li>Planificar, dirigir, realizar y/o evaluar proyectos de relevamiento de problemas del mundo real, especificación formal de los mismos, diseño, implementación, prueba, verificación, validación, mantenimiento y control de calidad de sistemas de software que se ejecuten sobre sistemas de procesamiento de datos.</li>\r\n<br>\r\n<li>Organizar, dirigir y controlar las áreas informáticas de las organizaciones, seleccionando y capacitando al personal técnico de los mismos.</li>\r\n<br>\r\n<li>Dirigir el relevamiento y análisis de los procesos funcionales de una Organización, con la finalidad de dirigir proyectos de diseño de Sistemas de Información asociados, así como los Sistemas de Software que hagan a su funcionamiento. Determinar, regular y administrar las pautas operativas y reglas de control que hacen al funcionamiento de las áreas informáticas de las empresas y organizaciones.</li>\r\n<br>\r\n<li>Entender, planificar y/o participar de los estudios técnicos-económicos de factibilidad y/o referentes a la configuración y dimensionamiento de sistemas de procesamiento de información. Supervisar la implantación de los sistemas de información y organizar y capacitar al personal afectado por dichos sistemas.</li>\r\n<br>\r\n<li>Establecer métricas y normas de calidad y seguridad de software, controlando las mismas a fin de tener un producto industrial que respete las normas nacionales e internacionales.</li>\r\n<br>\r\n<li>Control de la especificación formal del producto, del proceso de diseño, desarrollo, implementación y mantenimiento. Establecimiento de métricas de validación y certificación de calidad.</li>\r\n<br>\r\n<li>Planificar, dirigir, realizar y/o evaluar los sistemas de seguridad en el almacenamiento y procesamiento de la información. Establecer y controlar las metodologías de procesamiento de datos orientadas a seguridad, incluyendo data-warehousing.</li>\r\n<br>\r\n<li>Efectuar las tareas de Auditoría de los Sistemas Informáticos. Participar de arbitrajes, pericias y tasaciones relacionados con los Sistemas Informáticos. 9. Planificar, dirigir, realizar y/o evaluar proyectos de sistemas de administración de recursos. Diseño, implementación, prueba, verificación, validación, mantenimiento y control de eficiencia/ calidad de los sistemas de administración de recursos que se implanten como software sobre sistemas de procesamiento de datos. 10. Analizar y evaluar proyectos de especificación, diseño, implementación, verificación, puesta a punto, mantenimiento y actualización de sistemas de procesamiento de datos.</li>\r\n<br>\r\n<li>Participar de proyectos de especificación, diseño, implementación, verificación, puesta a punto y mantenimiento de redes de comunicaciones que vinculen sistemas de procesamiento de datos.</li>\r\n<br>\r\n<li>Realizar tareas como docente universitario en Informática en todos los niveles, de acuerdo a la jerarquía de título de grado máximo. Realizar tareas de enseñanza de la especialidad en todos los niveles educativos. Planificar y desarrollar cursos de actualización profesional y capacitación en general en Sistemas de Información.</li>\r\n<br>\r\n<li>Realizar tareas de investigación científica básica y aplicada en temas de Sistemas de Software y Sistemas de Información, participando como Becario, Docente-Investigador o Investigador Científico/ Tecnológico.</li>\r\n<br>\r\n<li>Dirigir Proyectos, Laboratorios, Centros e Institutos de Investigación y Desarrollo en Informática orientados a las áreas de Sistemas de Información.</li>\r\n\r\n</ol>','data/planLS.pdf'),(3,'2009','Tecnicatura Universitaria en Desarrollo de Aplicaciones Web','<br>\r\n<p class=\"lead\">Esta carrera tiene como objetivo general formar \r\nprofesionales en Informática capaces de trabajar en estrecha \r\nrelación con otros profesionales informáticos y de distintas \r\ndisciplinas, a los efectos de satisfacer requerimientos vinculados \r\ncon el desarrollo, planificación, diseño, ejecución y control de \r\nsistemas informáticos complejos, en particular, desarrollos \r\ninformáticos para aplicaciones web.</p>\r\n','<br>\r\n<p class=\"lead\">Prestar asistencia técnica a los profesionales con formación de grado en Informática o Sistemas de Información en tareas relacionadas con estudio, análisis, especificación, diseño, desarrollo, implementación, verificación, validación, puesta a punto, mantenimiento de:</p>\r\n<ul>\r\n<li>Aplicaciones Web.</li>\r\n<br>\r\n<li>Sistemas de Información (en general).</li>\r\n<br>\r\n<li>Diseño de aplicaciones gráficas con medios informáticos.</li>\r\n<br>\r\n<li>Participar en el desarrollo de Sistemas de Información y de Software.</li>\r\n<br>\r\n<li>Participar en la selección de las arquitecturas tecnológicas de procesamiento, y software para diseño de aplicaciones Web.</li>\r\n<br>\r\n<li>Participar en el diseño de metodologías para desarrollo de software vinculados al punto primero.</li>\r\n\r\n</ul>\r\n<br>\r\n<p class=\"lead\"><strong>Programas de Movilidad</strong></p>\r\n<ul>\r\n<li>Programa de Movilidad MACA (Colombia) &#8211; Movilidad Académica Colombia Argentina</li>\r\n<br>\r\n<li>Programa de Movilidad Estudiantil del CRISCOS (Paraguay, Perú, Bolivia y Chile) Consejo de Rectores  por la Integración de la Subregión Centro Oeste de Sudamérica.</li>\r\n</ul>','data/planTUDAW.pdf');

/*Table structure for table `categoria` */

DROP TABLE IF EXISTS `categoria`;

CREATE TABLE `categoria` (
  `idCategoria` int(11) NOT NULL AUTO_INCREMENT,
  `descripcion` varchar(30) DEFAULT NULL,
  PRIMARY KEY (`idCategoria`)
) ENGINE=InnoDB AUTO_INCREMENT=6 DEFAULT CHARSET=utf8 ROW_FORMAT=COMPRESSED;

/*Data for the table `categoria` */

insert  into `categoria`(`idCategoria`,`descripcion`) values (1,'Profesor Titular'),(2,'Profesor Asociado'),(3,'Profesor Adjunto'),(4,'Jefe de Trabajos Practicos'),(5,'Ayudante de Primera');

/*Table structure for table `correlatividad` */

DROP TABLE IF EXISTS `correlatividad`;

CREATE TABLE `correlatividad` (
  `idPlan` int(11) DEFAULT NULL,
  `esCorrelativaDe` int(11) DEFAULT NULL,
  `tipoCorrelatividad` int(11) DEFAULT NULL
) ENGINE=InnoDB DEFAULT CHARSET=utf8 ROW_FORMAT=COMPRESSED;

/*Data for the table `correlatividad` */

insert  into `correlatividad`(`idPlan`,`esCorrelativaDe`,`tipoCorrelatividad`) values (5,7,1),(4,8,1),(4,9,1),(1,11,1),(2,12,1),(6,13,1),(1,14,1),(7,15,1),(7,16,1),(14,17,1),(9,18,1),(15,19,1),(15,20,1),(19,21,1),(12,22,1),(12,23,1),(13,24,1),(11,25,1),(17,26,1),(20,27,1),(25,28,1),(25,29,1),(18,30,1),(23,31,1),(22,32,1),(22,33,1),(21,34,1),(30,35,1),(28,36,1),(30,38,1),(22,39,1),(34,40,1),(36,41,1),(35,42,1),(37,44,1),(41,45,1),(38,46,1),(31,47,1),(40,48,1),(40,49,1),(48,50,1),(47,51,1),(44,52,1),(47,53,1),(8,14,1),(16,19,1),(13,23,1),(26,29,1),(23,32,1),(34,38,1),(42,46,1),(41,47,1),(44,49,1),(1,17,2),(4,18,2),(5,20,2),(17,21,2),(2,22,2),(2,23,2),(6,24,2),(1,25,2),(14,26,2),(7,27,2),(1,28,2),(7,29,2),(1,30,2),(12,31,2),(12,32,2),(12,33,2),(19,34,2),(18,35,2),(18,36,2),(24,37,2),(18,38,2),(12,39,2),(19,40,2),(24,44,2),(22,45,2),(21,46,2),(23,47,2),(21,48,2),(21,49,2),(34,50,2),(22,51,2),(26,52,2),(22,53,2),(9,25,2),(9,28,2),(10,29,2),(6,30,2),(13,31,2),(13,32,2),(20,34,2),(20,40,2),(24,51,2),(24,53,2),(5,7,3),(1,8,3),(4,9,3),(1,11,3),(2,12,3),(6,13,3),(1,14,3),(7,15,3),(7,16,3),(11,17,3),(9,18,3),(15,19,3),(15,20,3),(19,21,3),(12,22,3),(12,23,3),(13,24,3),(11,25,3),(17,26,3),(20,27,3),(25,28,3),(25,29,3),(18,30,3),(23,31,3),(22,32,3),(22,33,3),(21,34,3),(30,35,3),(28,36,3),(30,38,3),(22,39,3),(34,40,3),(36,41,3),(35,42,3),(37,44,3),(41,45,3),(38,46,3),(31,47,3),(40,48,3),(40,49,3),(48,50,3),(47,51,3),(44,52,3),(47,53,3),(4,8,3),(8,14,3),(14,17,3),(16,19,3),(13,23,3),(26,29,3),(23,32,3),(34,38,3),(42,46,3),(41,47,3),(44,49,3),(98,104,1),(99,105,1),(99,106,1),(100,107,1),(100,108,1),(106,110,1),(107,111,1),(107,112,1),(107,113,1),(107,114,1),(102,115,1),(111,116,1),(104,117,1),(112,118,1),(112,119,1),(110,120,1),(110,121,1),(118,122,1),(118,123,1),(115,124,1),(120,125,1),(118,126,1),(100,105,1),(101,106,1),(103,107,1),(103,108,1),(108,111,1),(108,112,1),(108,113,1),(108,114,1),(113,118,1),(113,119,1),(112,121,1),(119,122,1),(119,123,1),(121,124,1),(119,126,1),(109,112,1),(114,118,1),(114,119,1),(107,116,2),(108,116,2),(98,117,2),(107,118,2),(108,118,2),(107,119,2),(108,119,2),(101,120,2),(106,121,2),(112,122,2),(112,123,2),(102,124,2),(106,125,2),(109,126,2),(112,126,2),(98,104,3),(99,105,3),(100,105,3),(99,106,3),(101,106,3),(100,107,3),(103,107,3),(100,108,3),(103,108,3),(101,110,3),(106,110,3),(107,111,3),(108,111,3),(107,112,3),(108,112,3),(109,112,3),(107,113,3),(108,113,3),(107,114,3),(108,114,3),(102,115,3),(111,116,3),(104,117,3),(112,118,3),(113,118,3),(114,118,3),(112,119,3),(113,119,3),(114,119,3),(110,120,3),(110,121,3),(112,121,3),(118,122,3),(119,122,3),(118,123,3),(119,123,3),(115,124,3),(121,124,3),(120,125,3),(118,126,3),(119,126,3);

/*Table structure for table `equipo` */

DROP TABLE IF EXISTS `equipo`;

CREATE TABLE `equipo` (
  `idMateria` int(11) DEFAULT NULL,
  `idDocente` int(11) DEFAULT NULL,
  `aCargo` tinyint(1) DEFAULT NULL
) ENGINE=InnoDB DEFAULT CHARSET=utf8 ROW_FORMAT=COMPRESSED;

/*Data for the table `equipo` */

insert  into `equipo`(`idMateria`,`idDocente`,`aCargo`) values (1,50,1),(2,26,1),(3,63,1),(4,50,1),(5,26,1),(6,34,1),(7,57,1),(8,15,1),(9,50,1),(10,22,1),(11,51,1),(12,10,1),(13,10,1),(14,15,1),(15,30,1),(16,31,1),(17,15,1),(18,5,1),(19,31,1),(20,45,1),(21,41,1),(22,45,1),(23,45,1),(24,28,1),(25,51,1),(26,61,1),(27,20,1),(28,27,1),(29,57,1),(30,38,1),(31,48,1),(32,19,1),(33,59,1),(34,40,1),(35,52,1),(36,27,1),(37,43,1),(38,28,1),(39,19,1),(40,17,1),(41,31,1),(42,34,1),(43,3,1),(44,44,1),(45,31,1),(46,32,1),(47,19,1),(48,17,1),(49,40,1),(50,66,1),(51,3,1),(52,22,1),(53,3,1),(1,46,0),(2,53,0),(3,62,0),(4,24,0),(5,13,0),(6,2,0),(7,25,0),(8,7,0),(9,24,0),(10,35,0),(11,4,0),(12,20,0),(13,23,0),(14,57,0),(15,36,0),(16,42,0),(17,57,0),(18,49,0),(19,47,0),(20,58,0),(22,58,0),(23,47,0),(24,64,0),(25,39,0),(26,57,0),(27,16,0),(29,25,0),(30,29,0),(31,3,0),(32,54,0),(37,12,0),(38,64,0),(39,6,0),(40,18,0),(41,42,0),(42,2,0),(43,53,0),(44,21,0),(46,55,0),(48,18,0),(51,32,0),(53,53,0),(2,16,0),(8,24,0),(11,39,0),(14,24,0),(17,24,0),(24,56,0),(26,25,0),(38,55,0),(43,56,0),(51,53,0),(43,56,0);

/*Table structure for table `materia` */

DROP TABLE IF EXISTS `materia`;

CREATE TABLE `materia` (
  `idMateria` int(11) NOT NULL AUTO_INCREMENT,
  `asignatura` varchar(50) DEFAULT NULL,
  PRIMARY KEY (`idMateria`)
) ENGINE=InnoDB AUTO_INCREMENT=89 DEFAULT CHARSET=utf8 ROW_FORMAT=COMPRESSED;

/*Data for the table `materia` */

insert  into `materia`(`idMateria`,`asignatura`) values (1,'Análisis Matemático I'),(2,'Algoritmos y Estructura de Datos'),(3,'Sistema de Representación'),(4,'Algebra y Geometria Analítica'),(5,'Matemática Discreta'),(6,'Administración y Organización de Empresas'),(7,'Electrónica Digital'),(8,'Física I'),(9,'Algebra Lineal'),(10,'Química General'),(11,'Análisis Matemático II'),(12,'Programación I'),(13,'Sistemas I'),(14,'Física II'),(15,'Arquitectura de Computadoras I'),(16,'Sistemas Operativos I'),(17,'Física III'),(18,'Probabilidad y Estadística'),(19,'Sistemas Operativos II'),(20,'Arquitectura de Computadoras II'),(21,'Tecnologías de Comunicaciones'),(22,'Programación II'),(23,'Bases de Datos I'),(24,'Sistemas II'),(25,'Análisis Matemático III'),(26,'Electrotecnia'),(27,'Arquitecturas Paralelas'),(28,'Cálculo Numérico y Avanzado'),(29,'Teoría de Control'),(30,'Economía'),(31,'Bases de Datos II'),(32,'Programación III'),(33,'Teoría de la Computación'),(34,'Redes de Datos I'),(35,'Contabilidad y Costos'),(36,'Investigación Operativa'),(37,'Ética Profesional'),(38,'Formulación y Evaluación de Proyectos'),(39,'Paradigmas de Programación'),(40,'Redes de Datos II'),(41,'Modelos y Simulación'),(42,'Planeamiento y Control de Gestión'),(43,'Trabajo Final'),(44,'Legislación'),(45,'Inteligencia Artificial'),(46,'Administración de Proyectos Informáticos'),(47,'Ingeniería de Software'),(48,'Comunicaciones Inalámbricas'),(49,'Pericias Informáticas y de Comunicaciones'),(50,'Criptografía y Seguridad Informática'),(51,'Auditoria de Sistemas'),(52,'Higiene y Seguridad en el Trabajo y el Medio Ambie'),(53,'Gestión de la Calidad'),(54,'Taller de ingles informatico I'),(55,'Seminario I\r\n'),(56,'Seminario II\r\n'),(57,'Seminario III\r\n'),(58,'Herramientas de Ingeniería de Software\r\n'),(59,'Matemática I'),(60,'Matemática Discreta'),(61,'Estructura de Datos y Algoritmos I'),(62,'Taller de Computación'),(63,'Sistemas I'),(64,'Inglés Técnico'),(65,'Matemática II'),(66,'Estructura de Datos y Algoritmos II'),(67,'Arquitectura de Computadores'),(68,'Lenguaje de Programación I'),(69,'Taller de Programación I'),(70,'Diseño Gráfico'),(71,'Sistemas Operativos'),(72,'Bases de Datos I'),(73,'Introducción al Diseño de Aplicaciones Web'),(74,'Lenguajes de Programación II'),(75,'Taller de Programación II'),(76,'Sistemas II'),(77,'Bases de Datos II'),(78,'Probabilidad y Estadística'),(79,'Diseño de Aplicaciones Web I'),(80,'Taller de Programación III'),(81,'Tecnologías de Comunicaciones'),(82,'Seguridad en Aplicaciones Web'),(83,'Diseño de Aplicaciones Web II'),(84,'Taller de Programación IV'),(85,'Legislación y Ética Profesional'),(86,'Redes de Datos'),(87,'Taller de Diseño de Aplicaciones Web'),(88,'Trabajo Final');

/*Table structure for table `plan` */

DROP TABLE IF EXISTS `plan`;

CREATE TABLE `plan` (
  `idPlan` int(11) NOT NULL AUTO_INCREMENT,
  `idCarrera` int(11) NOT NULL,
  `idMateria` int(11) NOT NULL,
  `anio` int(11) DEFAULT NULL,
  `codigo` int(11) NOT NULL,
  `Regimen` varchar(20) DEFAULT NULL,
  `horasPrimerCuatrimestre` int(11) DEFAULT NULL,
  `horasSegundoCuatrimestre` int(11) DEFAULT NULL,
  `horasAnuales` int(11) DEFAULT NULL,
  `programa` varchar(150) DEFAULT NULL,
  PRIMARY KEY (`idPlan`)
) ENGINE=InnoDB AUTO_INCREMENT=128 DEFAULT CHARSET=utf8 ROW_FORMAT=COMPRESSED;

/*Data for the table `plan` */

insert  into `plan`(`idPlan`,`idCarrera`,`idMateria`,`anio`,`codigo`,`Regimen`,`horasPrimerCuatrimestre`,`horasSegundoCuatrimestre`,`horasAnuales`,`programa`) values (1,1,1,1,101,'Anual',5,5,150,'data/IS/101.pdf'),(2,1,2,1,102,'Anual',5,5,150,'data/IS/102.pdf'),(3,1,3,1,111,'1C',5,0,75,'data/IS/111.pdf'),(4,1,4,1,112,'1C',4,0,60,'data/IS/112.pdf'),(5,1,5,1,113,'1C',4,0,60,'data/IS/113.pdf'),(6,1,6,1,114,'1C',3,0,45,'data/IS/114.pdf'),(7,1,7,1,121,'2C',0,4,60,'data/IS/121.pdf'),(8,1,8,1,122,'2C',0,5,75,'data/IS/122.pdf'),(9,1,9,1,123,'2C',0,4,60,'data/IS/123.pdf'),(10,1,10,1,124,'2C',0,4,60,'data/IS/124.pdf'),(11,1,11,2,201,'Anual',4,4,120,'data/IS/201.pdf'),(12,1,12,2,202,'Anual',4,4,120,'data/IS/202.pdf'),(13,1,13,2,203,'Anual',4,4,120,'data/IS/203.pdf'),(14,1,14,2,211,'1C',5,0,75,'data/IS/211.pdf'),(15,1,15,2,212,'1C',4,0,60,'data/IS/212.pdf'),(16,1,16,2,213,'1C',4,0,60,'data/IS/213.pdf'),(17,1,17,2,221,'2C',0,5,75,'data/IS/221.pdf'),(18,1,18,2,222,'2C',0,4,60,'data/IS/222.pdf'),(19,1,19,2,223,'2C',0,4,60,'data/IS/223.pdf'),(20,1,20,2,224,'2C',0,4,60,'data/IS/224.pdf'),(21,1,21,3,301,'Anual',3,3,90,'data/IS/301.pdf'),(22,1,22,3,302,'Anual',4,4,120,'data/IS/302.pdf'),(23,1,23,3,303,'Anual',4,4,120,'data/IS/303.pdf'),(24,1,24,3,304,'Anual',4,4,120,'data/IS/304.pdf'),(25,1,25,3,311,'1C',4,0,60,'data/IS/311.pdf'),(26,1,26,3,312,'1C',3,0,45,'data/IS/312.pdf'),(27,1,27,3,313,'1C',4,0,60,'data/IS/313.pdf'),(28,1,28,3,321,'2C',0,4,60,'data/IS/321.pdf'),(29,1,29,3,322,'2C',0,4,60,'data/IS/322.pdf'),(30,1,30,3,323,'2C',0,3,45,'data/IS/323.pdf'),(31,1,31,4,401,'Anual',4,4,120,'data/IS/401.pdf'),(32,1,32,4,402,'Anual',4,4,120,'data/IS/402.pdf'),(33,1,33,4,411,'1C',4,0,60,'data/IS/411.pdf'),(34,1,34,4,412,'1C',4,0,60,'data/IS/412.pdf'),(35,1,35,4,413,'1C',3,0,45,'data/IS/413.pdf'),(36,1,36,4,414,'1C',4,0,60,'data/IS/414.pdf'),(37,1,37,4,415,'1C',3,0,45,'data/IS/415.pdf'),(38,1,38,4,421,'2C',0,3,45,'data/IS/421.pdf'),(39,1,39,4,422,'2C',0,4,60,'data/IS/422.pdf'),(40,1,40,4,423,'2C',0,4,60,'data/IS/423.pdf'),(41,1,41,4,424,'2C',0,4,60,'data/IS/424.pdf'),(42,1,42,4,425,'2C',0,3,45,'data/IS/425.pdf'),(43,1,43,5,501,'Anual',4,4,120,'data/IS/501.pdf'),(44,1,44,5,511,'1C',3,0,45,'data/IS/511.pdf'),(45,1,45,5,512,'1C',4,0,60,'data/IS/512.pdf'),(46,1,46,5,513,'1C',4,0,60,'data/IS/513.pdf'),(47,1,47,5,514,'1C',4,0,60,'data/IS/514.pdf'),(48,1,48,5,515,'1C',4,0,60,'data/IS/515.pdf'),(49,1,49,5,521,'2C',0,4,60,'data/IS/521.pdf'),(50,1,50,5,522,'2C',0,4,60,'data/IS/522.pdf'),(51,1,51,5,523,'2C',0,4,60,'data/IS/523.pdf'),(52,1,52,5,524,'2C',0,3,45,'data/IS/524.pdf'),(53,1,53,5,525,'2C',0,4,60,'data/IS/525.pdf'),(54,1,54,0,0,'',0,0,0,'data/IS/0.pdf'),(55,2,1,1,101,'Anual',5,5,150,'data/LS/101.pdf'),(56,2,2,1,102,'Anual',5,5,150,'data/LS/102.pdf'),(57,2,4,1,111,'1C',4,0,60,'data/LS/111.pdf'),(58,2,5,1,112,'1C',4,0,60,'data/LS/112.pdf'),(59,2,6,1,114,'1C',3,0,45,'data/LS/114.pdf'),(60,2,7,1,121,'2C',0,4,60,'data/LS/121.pdf'),(61,2,9,1,123,'2C',0,4,60,'data/LS/123.pdf'),(62,2,11,2,201,'Anual',4,4,120,'data/LS/201.pdf'),(63,2,12,2,202,'Anual',4,4,120,'data/LS/202.pdf'),(64,2,13,2,203,'Anual',4,4,120,'data/LS/203.pdf'),(65,2,15,2,211,'1C',4,0,60,'data/LS/211.pdf'),(66,2,16,2,212,'1C',4,0,60,'data/LS/212.pdf'),(67,2,18,2,221,'2C',0,4,60,'data/LS/221.pdf'),(68,2,19,2,222,'2C',0,4,60,'data/LS/222.pdf'),(69,2,20,2,223,'2C',0,4,60,'data/LS/223.pdf'),(70,2,21,3,301,'Anual',3,3,90,'data/LS/301.pdf'),(71,2,22,3,302,'Anual',4,4,120,'data/LS/302.pdf'),(72,2,23,3,303,'Anual',4,4,120,'data/LS/303.pdf'),(73,2,24,3,304,'Anual',4,4,120,'data/LS/304.pdf'),(74,2,55,3,311,'1C',5,0,75,'data/LS/311.pdf'),(75,2,37,3,312,'1C',3,0,45,'data/LS/312.pdf'),(76,2,28,3,321,'2C',0,4,60,'data/LS/321.pdf'),(77,2,30,3,322,'2C',0,3,45,'data/LS/322.pdf'),(78,2,31,4,401,'Anual',4,4,120,'data/LS/401.pdf'),(79,2,32,4,402,'Anual',4,4,120,'data/LS/402.pdf'),(80,2,33,4,411,'1C',4,0,60,'data/LS/411.pdf'),(81,2,34,4,412,'1C',4,0,60,'data/LS/412.pdf'),(82,2,35,4,413,'1C',3,0,45,'data/LS/413.pdf'),(83,2,36,4,414,'1C',4,0,60,'data/LS/414.pdf'),(84,2,38,4,421,'2C',0,3,45,'data/LS/421.pdf'),(85,2,41,4,422,'2C',0,4,60,'data/LS/422.pdf'),(86,2,42,4,423,'2C',0,3,45,'data/LS/423.pdf'),(87,2,56,4,424,'2C',0,5,75,'data/LS/424.pdf'),(88,2,39,4,425,'2C',0,4,60,'data/LS/425.pdf'),(89,2,43,5,501,'Anual',4,4,120,'data/LS/501.pdf'),(90,2,44,5,511,'1C',3,0,45,'data/LS/511.pdf'),(91,2,46,5,513,'1C',4,0,60,'data/LS/513.pdf'),(92,2,47,5,514,'1C',4,0,60,'data/LS/514.pdf'),(93,2,57,5,515,'1C',5,0,75,'data/LS/515.pdf'),(94,2,51,5,521,'2C',0,4,60,'data/LS/521.pdf'),(95,2,53,5,522,'2C',0,4,60,'data/LS/522.pdf'),(96,2,49,5,523,'2C',0,4,60,'data/LS/523.pdf'),(97,2,58,5,524,'2C',0,4,60,'data/LS/524.pdf'),(98,3,59,1,1,'1C',5,0,75,NULL),(99,3,60,1,2,'1C',4,0,60,NULL),(100,3,61,1,3,'1C',4,0,60,NULL),(101,3,62,1,4,'1C',4,0,60,NULL),(102,3,63,1,5,'1C',5,0,75,NULL),(103,3,64,1,6,'1C',4,0,60,NULL),(104,3,65,1,7,'2C',0,5,75,NULL),(105,3,66,1,8,'2C',0,4,60,NULL),(106,3,67,1,9,'2C',0,5,75,NULL),(107,3,68,1,10,'2C',0,4,60,NULL),(108,3,69,1,11,'2C',0,4,60,NULL),(109,3,70,1,12,'2C',0,5,75,NULL),(110,3,71,2,13,'1C',4,0,60,NULL),(111,3,72,2,14,'1C',4,0,60,NULL),(112,3,73,2,15,'1C',5,0,75,NULL),(113,3,74,2,16,'1C',4,0,60,NULL),(114,3,75,2,17,'1C',5,0,75,NULL),(115,3,76,2,18,'1C',5,0,75,NULL),(116,3,77,2,19,'2C',0,5,75,NULL),(117,3,78,2,20,'2C',0,3,45,NULL),(118,3,79,2,21,'2C',0,5,75,NULL),(119,3,80,2,22,'2C',0,5,75,NULL),(120,3,81,2,23,'2C',0,5,75,NULL),(121,3,82,2,24,'2C',0,5,75,NULL),(122,3,83,3,25,'1C',6,0,90,NULL),(123,3,84,3,26,'1C',5,0,75,NULL),(124,3,85,3,27,'1C',4,0,60,NULL),(125,3,86,3,28,'1C',5,0,75,NULL),(126,3,87,3,29,'1C',4,0,60,NULL),(127,3,88,3,30,'1C',5,0,75,NULL);

/*Table structure for table `tipoCorrelatividad` */

DROP TABLE IF EXISTS `tipoCorrelatividad`;

CREATE TABLE `tipoCorrelatividad` (
  `idCorrelatividad` int(11) NOT NULL AUTO_INCREMENT,
  `descripcion` varchar(50) DEFAULT NULL,
  PRIMARY KEY (`idCorrelatividad`)
) ENGINE=InnoDB AUTO_INCREMENT=4 DEFAULT CHARSET=utf8 ROW_FORMAT=COMPRESSED;

/*Data for the table `tipoCorrelatividad` */

insert  into `tipoCorrelatividad`(`idCorrelatividad`,`descripcion`) values (1,'Regularizada para cursar'),(2,'Aprobada para cursar'),(3,'Aprobada para rendir');

/*!40101 SET SQL_MODE=@OLD_SQL_MODE */;
/*!40014 SET FOREIGN_KEY_CHECKS=@OLD_FOREIGN_KEY_CHECKS */;
